id,common_name,scientific_name,is_mammal,is_bird,is_reptile,is_amphibian,is_fish,is_invertebrate,lays_eggs,is_marsupial,is_monotreme,can_fly,can_glide,is_venomous,is_marine,is_freshwater,is_terrestrial,is_nocturnal,is_diurnal,is_arboreal,is_burrowing,is_endemic,has_pouch,has_shell_or_spines,has_feathers,has_scales,has_fur,diet,primary_habitat,locomotion,size_band,conservation,region_hint
m_koala,Koala,Phascolarctos cinereus,1,0,0,0,0,0,0,1,0,0,0,0,0,0,1,1,0,1,0,1,1,0,0,0,1,herbivore,forest,walk,medium,vulnerable,east
m_eastern_grey_kangaroo,Eastern Grey Kangaroo,Macropus giganteus,1,0,0,0,0,0,0,1,0,0,0,0,0,0,1,crepuscular,1,0,0,0,1,0,0,0,1,herbivore,grassland,hop,large,least_concern,se
m_wombat,Common Wombat,Vombatus ursinus,1,0,0,0,0,0,0,1,0,0,0,0,0,0,1,crepuscular,0,0,1,1,1,0,0,0,1,herbivore,woodland,walk,medium,least_concern,temperate
m_platypus,Platypus,Ornithorhynchus anatinus,1,0,0,0,0,0,1,0,1,0,0,0,0,1,0,1,0,0,1,0,0,0,0,1,insectivore,rivers,swim,small,near_threatened,temperate
m_echidna,Short-beaked Echidna,Tachyglossus aculeatus,1,0,0,0,0,0,1,0,1,0,0,0,0,0,1,crepuscular,0,0,1,1,0,1,0,0,1,insectivore,woodland,walk,small,least_concern,nationwide
m_dingo,Dingo,Canis dingo,1,0,0,0,0,0,0,0,0,0,0,0,0,0,1,crepuscular,1,0,0,0,0,0,0,1,carnivore,desert,walk,medium,least_concern,nationwide
m_tasmanian_devil,Tasmanian Devil,Sarcophilus harrisii,1,0,0,0,0,0,0,1,0,0,0,0,0,0,1,1,0,0,0,1,1,0,0,0,1,carnivore,forest,walk,small,endangered,south
m_sugar_glider,Sugar Glider,Petaurus breviceps,1,0,0,0,0,0,0,1,0,0,1,0,0,0,1,1,0,1,0,1,1,0,0,0,1,omnivore,forest,glide,small,least_concern,tropical
b_emu,Emu,Dromaius novaehollandiae,0,1,0,0,0,0,1,0,0,0,0,0,0,0,1,diurnal,0,0,0,1,0,1,0,0,0,omnivore,grassland,walk,large,least_concern,nationwide
b_kookaburra,Laughing Kookaburra,Dacelo novaeguineae,0,1,0,0,0,0,1,0,0,1,0,0,0,0,1,diurnal,1,0,0,1,0,1,0,0,0,carnivore,woodland,fly,small,least_concern,east
b_rainbow_lorikeet,Rainbow Lorikeet,Trichoglossus moluccanus,0,1,0,0,0,0,1,0,0,1,0,0,0,0,1,diurnal,1,0,0,1,0,1,0,0,0,nectarivore,urban,fly,small,least_concern,east
b_magpie,Australian Magpie,Gymnorhina tibicen,0,1,0,0,0,0,1,0,0,1,0,0,0,0,1,diurnal,0,0,0,1,0,1,0,0,0,omnivore,urban,fly,small,least_concern,temperate
b_little_penguin,Little Penguin,Eudyptula minor,0,1,0,0,0,0,1,0,0,0,0,0,1,0,1,1,0,0,0,1,0,1,0,0,0,carnivore,coastal,swim,small,least_concern,south
b_black_swan,Black Swan,Cygnus atratus,0,1,0,0,0,0,1,0,0,1,0,0,1,0,0,diurnal,0,0,0,1,0,1,0,0,0,herbivore,wetlands,swim,large,least_concern,south
b_cassowary,Southern Cassowary,Casuarius casuarius,0,1,0,0,0,0,1,0,0,0,0,0,0,0,1,diurnal,0,0,0,1,0,1,0,0,0,omnivore,forest,walk,large,endangered,tropical
b_pelican,Australian Pelican,Pelecanus conspicillatus,0,1,0,0,0,0,1,0,0,1,0,0,1,0,0,diurnal,0,0,0,1,0,1,0,0,0,carnivore,coastal,fly,large,least_concern,nationwide
r_saltwater_croc,Saltwater Crocodile,Crocodylus porosus,0,0,1,0,0,0,1,0,0,0,0,1,1,0,0,crepuscular,0,0,0,0,0,0,1,0,0,carnivore,coastal,swim,giant,least_concern,tropical
r_eastern_brown_snake,Eastern Brown Snake,Pseudonaja textilis,0,0,1,0,0,0,1,0,0,0,0,1,0,0,1,diurnal,0,0,0,0,0,0,1,0,0,carnivore,grassland,slither,medium,least_concern,se
r_inland_taipan,Inland Taipan,Oxyuranus microlepidotus,0,0,1,0,0,0,1,0,0,0,0,1,0,0,1,crepuscular,0,0,0,1,0,0,1,0,0,carnivore,desert,slither,medium,least_concern,west
r_frill_necked_lizard,Frill-necked Lizard,Chlamydosaurus kingii,0,0,1,0,0,0,1,0,0,0,0,0,0,0,1,diurnal,0,1,0,0,0,0,1,0,0,omnivore,woodland,walk,medium,least_concern,tropical
r_green_sea_turtle,Green Sea Turtle,Chelonia mydas,0,0,1,0,0,0,1,0,0,0,0,1,0,0,0,diurnal,0,0,0,0,0,0,1,0,0,herbivore,reef,swim,large,endangered,tropical
r_lace_monitor,Lace Monitor,Varanus varius,0,0,1,0,0,0,1,0,0,0,0,0,0,0,1,diurnal,0,1,0,0,0,0,1,0,0,carnivore,forest,walk,large,least_concern,east
a_green_tree_frog,Green Tree Frog,Litoria caerulea,0,0,0,1,0,0,1,0,0,0,0,0,0,1,1,nocturnal,0,1,0,0,0,0,0,0,insectivore,wetlands,hop,small,least_concern,tropical
a_corroboree_frog,Southern Corroboree Frog,Pseudophryne corroboree,0,0,0,1,0,0,1,0,0,0,0,0,0,1,0,diurnal,0,0,0,1,0,0,0,0,insectivore,wetlands,hop,tiny,critically_endangered,south
a_cane_toad,Cane Toad,Rhinella marina,0,0,0,1,0,0,1,0,0,0,0,0,0,1,1,crepuscular,0,0,0,0,0,0,0,0,omnivore,urban,hop,small,least_concern,tropical
a_spotted_marsh_frog,Spotted Marsh Frog,Litoria peronii,0,0,0,1,0,0,1,0,0,0,0,0,0,1,0,crepuscular,0,0,0,0,0,0,0,0,insectivore,wetlands,hop,small,least_concern,se
f_barramundi,Barramundi,Lates calcarifer,0,0,0,0,1,0,1,0,0,0,0,0,1,1,0,crepuscular,0,0,0,0,0,0,0,0,carnivore,rivers,swim,large,least_concern,tropical
f_leafy_seadragon,Leafy Seadragon,Phycodurus eques,0,0,0,0,1,0,1,0,0,0,0,0,1,0,0,diurnal,0,0,0,1,0,0,0,0,omnivore,coastal,swim,small,near_threatened,south
f_great_white_shark,Great White Shark,Carcharodon carcharias,0,0,0,0,1,0,1,0,0,0,0,0,1,0,0,crepuscular,0,0,0,0,0,0,0,0,carnivore,open_ocean,swim,giant,vulnerable,temperate
f_clownfish,Clownfish (Barrier Reef),Amphiprion spp.,0,0,0,0,1,0,1,0,0,0,0,0,1,0,0,diurnal,0,0,0,1,0,0,0,0,omnivore,reef,swim,small,least_concern,tropical
i_redback_spider,Redback Spider,Latrodectus hasselti,0,0,0,0,0,1,1,0,0,0,0,1,0,0,1,nocturnal,0,0,0,1,0,0,0,0,carnivore,urban,walk,tiny,least_concern,nationwide
i_funnelweb,Sydney Funnel-web Spider,Atrax robustus,0,0,0,0,0,1,1,0,0,0,0,1,0,0,1,nocturnal,0,0,1,1,0,0,0,0,carnivore,forest,walk,tiny,least_concern,se
i_blue_ringed_octopus,Blue-ringed Octopus,Hapalochlaena spp.,0,0,0,0,0,1,1,0,0,0,0,1,1,0,0,crepuscular,0,0,0,1,0,0,0,0,carnivore,coastal,swim,tiny,least_concern,coastal
i_giant_cuttlefish,Australian Giant Cuttlefish,Sepia apama,0,0,0,0,0,1,1,0,0,0,0,0,1,0,0,diurnal,0,0,0,1,0,0,0,0,carnivore,coastal,swim,small,least_concern,south
i_huntsman,Huntsman Spider,Sparassidae,0,0,0,0,0,1,1,0,0,0,0,0,0,0,1,nocturnal,0,0,0,1,0,0,0,0,carnivore,urban,walk,small,least_concern,nationwide
i_bogong_moth,Bogong Moth,Agrotis infusa,0,0,0,0,0,1,1,0,0,1,1,0,0,0,0,nocturnal,0,0,0,1,0,0,0,0,herbivore,woodland,fly,small,least_concern,temperate
